-- ============================================================
-- SEED DATA — Dados realistas para desenvolvimento e demo
-- ============================================================

-- Empresa
INSERT INTO companies (id, name, cnpj) VALUES
  ('11111111-0000-0000-0000-000000000001', 'Chemtrade Indústria S.A.', '12.345.678/0001-99');

-- Unidades
INSERT INTO units (id, company_id, name, city, state) VALUES
  ('22222222-0000-0000-0000-000000000001', '11111111-0000-0000-0000-000000000001', 'Planta Industrial – São Paulo', 'São Paulo', 'SP'),
  ('22222222-0000-0000-0000-000000000002', '11111111-0000-0000-0000-000000000001', 'Planta Industrial – Cubatão', 'Cubatão', 'SP');

-- Departamentos
INSERT INTO departments (id, unit_id, name) VALUES
  ('33333333-0000-0000-0000-000000000001', '22222222-0000-0000-0000-000000000001', 'Produção'),
  ('33333333-0000-0000-0000-000000000002', '22222222-0000-0000-0000-000000000001', 'Manutenção'),
  ('33333333-0000-0000-0000-000000000003', '22222222-0000-0000-0000-000000000001', 'Laboratório'),
  ('33333333-0000-0000-0000-000000000004', '22222222-0000-0000-0000-000000000001', 'Logística'),
  ('33333333-0000-0000-0000-000000000005', '22222222-0000-0000-0000-000000000001', 'Administrativo');

-- Funções
INSERT INTO roles (id, department_id, name, description) VALUES
  ('44444444-0000-0000-0000-000000000001', '33333333-0000-0000-0000-000000000001', 'Operador de Produção', 'Operação direta de equipamentos industriais'),
  ('44444444-0000-0000-0000-000000000002', '33333333-0000-0000-0000-000000000002', 'Técnico de Manutenção', 'Manutenção preventiva e corretiva'),
  ('44444444-0000-0000-0000-000000000003', '33333333-0000-0000-0000-000000000003', 'Analista de Laboratório', 'Análises químicas e controle de qualidade'),
  ('44444444-0000-0000-0000-000000000004', '33333333-0000-0000-0000-000000000004', 'Motorista / Operador Logístico', 'Movimentação de cargas internas'),
  ('44444444-0000-0000-0000-000000000005', '33333333-0000-0000-0000-000000000005', 'Auxiliar Administrativo', 'Suporte administrativo geral');

-- Almoxarifado
INSERT INTO warehouses (id, unit_id, name, location) VALUES
  ('55555555-0000-0000-0000-000000000001', '22222222-0000-0000-0000-000000000001', 'Almoxarifado Central', 'Galpão B – Portão 3'),
  ('55555555-0000-0000-0000-000000000002', '22222222-0000-0000-0000-000000000002', 'Almoxarifado Cubatão', 'Prédio Admin – Térreo');

-- Catálogo de EPIs
INSERT INTO epi_catalog (id, name, category, ca_number, ca_issue_date, ca_expiry_date, manufacturer, model_ref, unit_of_measure, estimated_lifespan_days, replacement_period_days, requires_return, requires_signature) VALUES
  ('66666666-0000-0000-0000-000000000001', 'Capacete de Segurança Classe A', 'Proteção da Cabeça',  'CA 12345', '2022-01-10', '2027-01-10', 'Plastcor', 'Pro-Tork', 'un',  1095, 365, TRUE,  TRUE),
  ('66666666-0000-0000-0000-000000000002', 'Óculos de Proteção Incolor',    'Proteção dos Olhos',  'CA 23456', '2023-03-15', '2026-03-15', '3M',       'SF200',   'un',  365,  180, FALSE, TRUE),
  ('66666666-0000-0000-0000-000000000003', 'Luva de Nitrila Descartável',   'Proteção das Mãos',   'CA 34567', '2023-06-01', '2026-06-01', 'Supermax', 'N10',     'par', 1,    7,   FALSE, FALSE),
  ('66666666-0000-0000-0000-000000000004', 'Protetor Auricular Tipo Plug',  'Proteção Auditiva',   'CA 45678', '2022-08-20', '2025-08-20', 'Moldex',   'Pura-Fit', 'un', 1,    1,   FALSE, FALSE),
  ('66666666-0000-0000-0000-000000000005', 'Bota de Segurança Bico de Aço', 'Proteção dos Pés',    'CA 56789', '2021-05-12', '2026-05-12', 'Marluvas', 'Safety',  'par', 730,  365, TRUE,  TRUE),
  ('66666666-0000-0000-0000-000000000006', 'Respirador Semi-facial PFF2',   'Proteção Respiratória','CA 67890', '2023-01-01', '2025-12-31', '3M',       '8822',    'un',  30,   30,  FALSE, TRUE),
  ('66666666-0000-0000-0000-000000000007', 'Avental de PVC',                'Proteção do Corpo',   'CA 78901', '2022-11-20', '2027-11-20', 'Proteplus','PVC-200', 'un',  730,  365, TRUE,  TRUE),
  ('66666666-0000-0000-0000-000000000008', 'Cinto de Segurança Tipo Paraquedista', 'Proteção Contra Quedas', 'CA 89012', '2021-09-05', '2026-09-05', 'Ledan', 'TP-1', 'un', 1825, 1825, TRUE, TRUE);

-- Variantes de tamanho
INSERT INTO epi_variants (epi_id, size_label) VALUES
  ('66666666-0000-0000-0000-000000000001', 'Único'),
  ('66666666-0000-0000-0000-000000000002', 'Único'),
  ('66666666-0000-0000-0000-000000000003', 'P'),
  ('66666666-0000-0000-0000-000000000003', 'M'),
  ('66666666-0000-0000-0000-000000000003', 'G'),
  ('66666666-0000-0000-0000-000000000004', 'Único'),
  ('66666666-0000-0000-0000-000000000005', '37'),
  ('66666666-0000-0000-0000-000000000005', '38'),
  ('66666666-0000-0000-0000-000000000005', '39'),
  ('66666666-0000-0000-0000-000000000005', '40'),
  ('66666666-0000-0000-0000-000000000005', '41'),
  ('66666666-0000-0000-0000-000000000005', '42'),
  ('66666666-0000-0000-0000-000000000005', '43'),
  ('66666666-0000-0000-0000-000000000006', 'Único'),
  ('66666666-0000-0000-0000-000000000007', 'P'),
  ('66666666-0000-0000-0000-000000000007', 'M'),
  ('66666666-0000-0000-0000-000000000007', 'G'),
  ('66666666-0000-0000-0000-000000000007', 'GG'),
  ('66666666-0000-0000-0000-000000000008', 'Único');

-- Matriz ocupacional
INSERT INTO occupational_matrix (role_id, epi_id, quantity, is_mandatory) VALUES
  -- Operador de Produção
  ('44444444-0000-0000-0000-000000000001', '66666666-0000-0000-0000-000000000001', 1, TRUE),
  ('44444444-0000-0000-0000-000000000001', '66666666-0000-0000-0000-000000000002', 1, TRUE),
  ('44444444-0000-0000-0000-000000000001', '66666666-0000-0000-0000-000000000003', 2, TRUE),
  ('44444444-0000-0000-0000-000000000001', '66666666-0000-0000-0000-000000000004', 1, TRUE),
  ('44444444-0000-0000-0000-000000000001', '66666666-0000-0000-0000-000000000005', 1, TRUE),
  ('44444444-0000-0000-0000-000000000001', '66666666-0000-0000-0000-000000000006', 1, TRUE),
  -- Técnico de Manutenção
  ('44444444-0000-0000-0000-000000000002', '66666666-0000-0000-0000-000000000001', 1, TRUE),
  ('44444444-0000-0000-0000-000000000002', '66666666-0000-0000-0000-000000000002', 1, TRUE),
  ('44444444-0000-0000-0000-000000000002', '66666666-0000-0000-0000-000000000003', 2, TRUE),
  ('44444444-0000-0000-0000-000000000002', '66666666-0000-0000-0000-000000000005', 1, TRUE),
  ('44444444-0000-0000-0000-000000000002', '66666666-0000-0000-0000-000000000008', 1, TRUE),
  -- Analista de Laboratório
  ('44444444-0000-0000-0000-000000000003', '66666666-0000-0000-0000-000000000002', 1, TRUE),
  ('44444444-0000-0000-0000-000000000003', '66666666-0000-0000-0000-000000000003', 2, TRUE),
  ('44444444-0000-0000-0000-000000000003', '66666666-0000-0000-0000-000000000006', 1, TRUE),
  ('44444444-0000-0000-0000-000000000003', '66666666-0000-0000-0000-000000000007', 1, TRUE);

-- Estoque inicial
INSERT INTO stock (warehouse_id, epi_id, quantity, min_quantity) VALUES
  ('55555555-0000-0000-0000-000000000001', '66666666-0000-0000-0000-000000000001', 48, 10),
  ('55555555-0000-0000-0000-000000000001', '66666666-0000-0000-0000-000000000002', 32, 10),
  ('55555555-0000-0000-0000-000000000001', '66666666-0000-0000-0000-000000000003', 200, 50),
  ('55555555-0000-0000-0000-000000000001', '66666666-0000-0000-0000-000000000004', 150, 30),
  ('55555555-0000-0000-0000-000000000001', '66666666-0000-0000-0000-000000000005', 22, 8),
  ('55555555-0000-0000-0000-000000000001', '66666666-0000-0000-0000-000000000006', 4,  10),  -- estoque baixo (alerta)
  ('55555555-0000-0000-0000-000000000001', '66666666-0000-0000-0000-000000000007', 14, 5),
  ('55555555-0000-0000-0000-000000000001', '66666666-0000-0000-0000-000000000008', 6,  3);

-- Colaboradores de exemplo
INSERT INTO employees (id, company_id, unit_id, department_id, role_id, full_name, badge_number, cpf, status, hire_date) VALUES
  ('77777777-0000-0000-0000-000000000001', '11111111-0000-0000-0000-000000000001', '22222222-0000-0000-0000-000000000001', '33333333-0000-0000-0000-000000000001', '44444444-0000-0000-0000-000000000001', 'Carlos Eduardo Mendes',   '001234', '123.456.789-00', 'active', '2020-03-15'),
  ('77777777-0000-0000-0000-000000000002', '11111111-0000-0000-0000-000000000001', '22222222-0000-0000-0000-000000000001', '33333333-0000-0000-0000-000000000002', '44444444-0000-0000-0000-000000000002', 'Ana Paula Ferreira',      '001235', '234.567.890-11', 'active', '2019-07-01'),
  ('77777777-0000-0000-0000-000000000003', '11111111-0000-0000-0000-000000000001', '22222222-0000-0000-0000-000000000001', '33333333-0000-0000-0000-000000000003', '44444444-0000-0000-0000-000000000003', 'Roberto Silva Santos',    '001236', '345.678.901-22', 'active', '2021-02-10'),
  ('77777777-0000-0000-0000-000000000004', '11111111-0000-0000-0000-000000000001', '22222222-0000-0000-0000-000000000001', '33333333-0000-0000-0000-000000000001', '44444444-0000-0000-0000-000000000001', 'Marcos Antônio Oliveira', '001237', '456.789.012-33', 'away',   '2018-11-20'),
  ('77777777-0000-0000-0000-000000000005', '11111111-0000-0000-0000-000000000001', '22222222-0000-0000-0000-000000000001', '33333333-0000-0000-0000-000000000004', '44444444-0000-0000-0000-000000000004', 'Juliana Costa Lima',      '001238', '567.890.123-44', 'active', '2022-05-18');
